facility_type,region,years_experience,service_charge,insurance_paid
Hospital,South,19.3811394891945,334927.3,267183.95
Specialty Center,South,19.742690058479532,672546.29,540230.15
Specialty Center,West,19.73784355179704,599974.54,482436.48
Urgent Care,North,20.16078431372549,334992.21,269207.92
Urgent Care,South,19.88144329896907,611793.11,488548.93
Urgent Care,West,20.476419634263713,647192.24,515343.09
