,,years_experience,years_experience,years_experience,years_experience,service_charge,service_charge,service_charge,service_charge,insurance_paid,insurance_paid,insurance_paid,insurance_paid
,,mean,std,min,max,mean,std,min,max,mean,std,min,max
facility_type,region,,,,,,,,,,,,
Hospital,South,19.3811394891945,10.872386004882548,1,39,658.0104125736739,1017.5433346782125,52.16,8735.88,524.9193516699411,802.7494380129402,43.04,6984.55
Specialty Center,South,19.742690058479532,11.005988178301648,1,39,655.5032066276804,923.2852738818982,55.27,8398.81,526.5401072124756,748.2493950519422,40.13,7304.1
Specialty Center,West,19.73784355179704,10.806375993703774,1,39,634.222558139535,948.0068810107967,50.41,8930.72,509.9751374207188,780.7938194925127,38.98,7916.83
Urgent Care,North,20.16078431372549,11.04401051893677,1,39,656.8474705882353,1007.7888815287071,53.18,8587.24,527.8586666666666,834.1615681630171,37.68,7610.87
Urgent Care,South,19.88144329896907,11.140224811638715,1,39,630.7145463917526,849.3998170959369,51.46,8423.21,503.65869072164946,673.2158643677114,39.08,6925.53
Urgent Care,West,20.476419634263713,10.998825137865078,1,39,622.8991722810395,846.9141462437573,50.45,8272.35,495.9991241578441,677.4076683959528,37.64,6447.76
